,text1,book1,text2,book2,cosine_sim
0,iliad,1,iliad,1,0.9999999999999998
1,odyssey,1,odyssey,1,0.9999999999999974
2,iliad,1,odyssey,1,0.7662286395537227
3,iliad,1,iliad,2,0.8007647411036862
4,odyssey,1,odyssey,2,0.8025916489246645
5,iliad,1,odyssey,2,0.7888892742493024
6,iliad,1,iliad,3,0.7793125917123378
7,odyssey,1,odyssey,3,0.7919462382528453
8,iliad,1,odyssey,3,0.7926211434738683
9,iliad,1,iliad,4,0.8135359258877436
10,odyssey,1,odyssey,4,0.8279160058242653
11,iliad,1,odyssey,4,0.8389068426440578
12,iliad,1,iliad,5,0.8044189590559309
13,odyssey,1,odyssey,5,0.7618393870439498
14,iliad,1,odyssey,5,0.7755488643834596
15,iliad,1,iliad,6,0.8112414930095386
16,odyssey,1,odyssey,6,0.7374663459634532
17,iliad,1,odyssey,6,0.7523938045235117
18,iliad,1,iliad,7,0.7898233004454519
19,odyssey,1,odyssey,7,0.7631045829332376
20,iliad,1,odyssey,7,0.7749158851477923
21,iliad,1,iliad,8,0.8094155362985003
22,odyssey,1,odyssey,8,0.7831908511753267
23,iliad,1,odyssey,8,0.8034220180600906
24,iliad,1,iliad,9,0.8572186459253143
25,odyssey,1,odyssey,9,0.7352322620102013
26,iliad,1,odyssey,9,0.7830219429297796
27,iliad,1,iliad,10,0.7905428316498104
28,odyssey,1,odyssey,10,0.742521590970996
29,iliad,1,odyssey,10,0.7780993208378674
30,iliad,1,iliad,11,0.8014728984137399
31,odyssey,1,odyssey,11,0.7712855715883514
32,iliad,1,odyssey,11,0.8208531220265912
33,iliad,1,iliad,12,0.7653430784249797
34,odyssey,1,odyssey,12,0.7189954849832528
35,iliad,1,odyssey,12,0.7545069721741342
36,iliad,1,iliad,13,0.8054982305142765
37,odyssey,1,odyssey,13,0.7800674102026165
38,iliad,1,odyssey,13,0.7964244237260065
39,iliad,1,iliad,14,0.8015462913424156
40,odyssey,1,odyssey,14,0.8007054604194057
41,iliad,1,odyssey,14,0.808062550283219
42,iliad,1,iliad,15,0.8265673933059523
43,odyssey,1,odyssey,15,0.8064551387821615
44,iliad,1,odyssey,15,0.8054465444291944
45,iliad,1,iliad,16,0.8044238289817076
46,odyssey,1,odyssey,16,0.7964103417663003
47,iliad,1,odyssey,16,0.7883588848235302
48,iliad,1,iliad,17,0.7916830761517795
49,odyssey,1,odyssey,17,0.7974336071609256
50,iliad,1,odyssey,17,0.7949342247024612
51,iliad,1,iliad,18,0.80432580268009
52,odyssey,1,odyssey,18,0.7789081800135195
53,iliad,1,odyssey,18,0.7899651114861402
54,iliad,1,iliad,19,0.8102771119137823
55,odyssey,1,odyssey,19,0.7940193291805957
56,iliad,1,odyssey,19,0.7965454474026952
57,iliad,1,iliad,20,0.7946221712444079
58,odyssey,1,odyssey,20,0.7779452410546455
59,iliad,1,odyssey,20,0.7827859290954108
60,iliad,1,iliad,21,0.809096807557626
61,odyssey,1,odyssey,21,0.7292049442550319
62,iliad,1,odyssey,21,0.7407366023061324
63,iliad,1,iliad,22,0.8011555259831531
64,odyssey,1,odyssey,22,0.7433631724341916
65,iliad,1,odyssey,22,0.7537156857441523
66,iliad,1,iliad,23,0.8135976365071642
67,odyssey,1,odyssey,23,0.7516957889077979
68,iliad,1,odyssey,23,0.7489842257701369
69,iliad,1,iliad,24,0.8649472679133272
70,odyssey,1,odyssey,24,0.793085969144627
71,iliad,1,odyssey,24,0.8022581110011835
72,iliad,2,odyssey,1,0.70770391131493
73,iliad,2,iliad,2,1.0000000000000004
74,odyssey,2,odyssey,2,0.999999999999997
75,iliad,2,odyssey,2,0.7399190110701669
76,iliad,2,iliad,3,0.8111620767184404
77,odyssey,2,odyssey,3,0.7930121378715916
78,iliad,2,odyssey,3,0.7563494601610717
79,iliad,2,iliad,4,0.8191351693993574
80,odyssey,2,odyssey,4,0.8502484756278128
81,iliad,2,odyssey,4,0.7952796077386177
82,iliad,2,iliad,5,0.7930865303044872
83,odyssey,2,odyssey,5,0.787625171073309
84,iliad,2,odyssey,5,0.7476545446449097
85,iliad,2,iliad,6,0.7950055489046216
86,odyssey,2,odyssey,6,0.7567781181993241
87,iliad,2,odyssey,6,0.746993501443976
88,iliad,2,iliad,7,0.8011470551005715
89,odyssey,2,odyssey,7,0.7840584588101481
90,iliad,2,odyssey,7,0.7386747264180586
91,iliad,2,iliad,8,0.8075301560968049
92,odyssey,2,odyssey,8,0.7970837206200465
93,iliad,2,odyssey,8,0.7868108406071482
94,iliad,2,iliad,9,0.8304517914695196
95,odyssey,2,odyssey,9,0.7675230131069517
96,iliad,2,odyssey,9,0.7544323854720495
97,iliad,2,iliad,10,0.7682441606984268
98,odyssey,2,odyssey,10,0.7717873203956378
99,iliad,2,odyssey,10,0.7476867238874156
100,iliad,2,iliad,11,0.8039754736150893
101,odyssey,2,odyssey,11,0.7900546596918077
102,iliad,2,odyssey,11,0.7861590358860103
103,iliad,2,iliad,12,0.7968377194730407
104,odyssey,2,odyssey,12,0.7320364389353647
105,iliad,2,odyssey,12,0.7090974134795356
106,iliad,2,iliad,13,0.8263529504667679
107,odyssey,2,odyssey,13,0.7915661883552566
108,iliad,2,odyssey,13,0.749969996125641
109,iliad,2,iliad,14,0.7776857199101065
110,odyssey,2,odyssey,14,0.8028424429209554
111,iliad,2,odyssey,14,0.7830829531795311
112,iliad,2,iliad,15,0.8224397923525937
113,odyssey,2,odyssey,15,0.821600357919962
114,iliad,2,odyssey,15,0.7799328407028023
115,iliad,2,iliad,16,0.8003388455279864
116,odyssey,2,odyssey,16,0.8175747802823841
117,iliad,2,odyssey,16,0.7329566674823892
118,iliad,2,iliad,17,0.8033783064741814
119,odyssey,2,odyssey,17,0.8218274357648494
120,iliad,2,odyssey,17,0.7463762109843356
121,iliad,2,iliad,18,0.7909705144080112
122,odyssey,2,odyssey,18,0.8074308611858815
123,iliad,2,odyssey,18,0.7402698997435097
124,iliad,2,iliad,19,0.7663386831000101
125,odyssey,2,odyssey,19,0.8089454778398589
126,iliad,2,odyssey,19,0.7504696979554039
127,iliad,2,iliad,20,0.7637303410785437
128,odyssey,2,odyssey,20,0.8092479984849927
129,iliad,2,odyssey,20,0.7496231702895442
130,iliad,2,iliad,21,0.7729884352743994
131,odyssey,2,odyssey,21,0.7565998970245458
132,iliad,2,odyssey,21,0.7200188920694337
133,iliad,2,iliad,22,0.7591922144483095
134,odyssey,2,odyssey,22,0.7784958356795414
135,iliad,2,odyssey,22,0.7291909604908625
136,iliad,2,iliad,23,0.7955897615396739
137,odyssey,2,odyssey,23,0.7677938518585067
138,iliad,2,odyssey,23,0.6866069277318834
139,iliad,2,iliad,24,0.8148113299139927
140,odyssey,2,odyssey,24,0.8260678036025882
141,iliad,2,odyssey,24,0.7715058291641117
142,iliad,3,odyssey,1,0.7129674670160475
143,iliad,3,odyssey,2,0.7447502480445252
144,iliad,3,iliad,3,0.999999999999997
145,odyssey,3,odyssey,3,1.0
146,iliad,3,odyssey,3,0.7449276306864991
147,iliad,3,iliad,4,0.8179299873392498
148,odyssey,3,odyssey,4,0.8376963345457044
149,iliad,3,odyssey,4,0.8090897773979223
150,iliad,3,iliad,5,0.7813980082057792
151,odyssey,3,odyssey,5,0.7770915815805156
152,iliad,3,odyssey,5,0.7560075020709183
153,iliad,3,iliad,6,0.8193911321832481
154,odyssey,3,odyssey,6,0.7565196386873404
155,iliad,3,odyssey,6,0.7422230821274438
156,iliad,3,iliad,7,0.8196209458919257
157,odyssey,3,odyssey,7,0.775523885786612
158,iliad,3,odyssey,7,0.7565928244888229
159,iliad,3,iliad,8,0.7988190350702091
160,odyssey,3,odyssey,8,0.7870785918826045
161,iliad,3,odyssey,8,0.7896224681377594
162,iliad,3,iliad,9,0.8078783235332405
163,odyssey,3,odyssey,9,0.7632410839167867
164,iliad,3,odyssey,9,0.7559082592564482
165,iliad,3,iliad,10,0.7615489125633369
166,odyssey,3,odyssey,10,0.7675415745219661
167,iliad,3,odyssey,10,0.7518890289093816
168,iliad,3,iliad,11,0.7948647052176266
169,odyssey,3,odyssey,11,0.783076601083718
170,iliad,3,odyssey,11,0.7879478084726271
171,iliad,3,iliad,12,0.7626571672960667
172,odyssey,3,odyssey,12,0.7423326554057406
173,iliad,3,odyssey,12,0.7055712701978631
174,iliad,3,iliad,13,0.8113036874019048
175,odyssey,3,odyssey,13,0.7807449073911292
176,iliad,3,odyssey,13,0.7592702219519069
177,iliad,3,iliad,14,0.7653827208575079
178,odyssey,3,odyssey,14,0.7964934027686613
179,iliad,3,odyssey,14,0.7797683336586155
180,iliad,3,iliad,15,0.815093030342253
181,odyssey,3,odyssey,15,0.8245095498405423
182,iliad,3,odyssey,15,0.7844924757451783
183,iliad,3,iliad,16,0.7842209570464623
184,odyssey,3,odyssey,16,0.7828835968494906
185,iliad,3,odyssey,16,0.7428163440384993
186,iliad,3,iliad,17,0.8002841225048075
187,odyssey,3,odyssey,17,0.7877976547242458
188,iliad,3,odyssey,17,0.756506752326094
189,iliad,3,iliad,18,0.767644519178194
190,odyssey,3,odyssey,18,0.7659446072396475
191,iliad,3,odyssey,18,0.7669038998395804
192,iliad,3,iliad,19,0.7642945464442313
193,odyssey,3,odyssey,19,0.778974941088939
194,iliad,3,odyssey,19,0.763329812241761
195,iliad,3,iliad,20,0.7698375115709037
196,odyssey,3,odyssey,20,0.776454863482704
197,iliad,3,odyssey,20,0.7701760219604883
198,iliad,3,iliad,21,0.7676083326993111
199,odyssey,3,odyssey,21,0.7238849766013961
200,iliad,3,odyssey,21,0.7257959175054669
201,iliad,3,iliad,22,0.7639163263234227
202,odyssey,3,odyssey,22,0.7407065934434018
203,iliad,3,odyssey,22,0.7473985129985347
204,iliad,3,iliad,23,0.7777386543166149
205,odyssey,3,odyssey,23,0.7354550031586081
206,iliad,3,odyssey,23,0.7196715072253557
207,iliad,3,iliad,24,0.8139714355071537
208,odyssey,3,odyssey,24,0.8010421185962203
209,iliad,3,odyssey,24,0.7954109329838833
210,iliad,4,odyssey,1,0.719876050807494
211,iliad,4,odyssey,2,0.7509381440220124
212,iliad,4,odyssey,3,0.7620374511503283
213,iliad,4,iliad,4,0.9999999999999994
214,odyssey,4,odyssey,4,0.9999999999999974
215,iliad,4,odyssey,4,0.8185872941334692
216,iliad,4,iliad,5,0.8427039202177399
217,odyssey,4,odyssey,5,0.8418021235195978
218,iliad,4,odyssey,5,0.7674270253614286
219,iliad,4,iliad,6,0.8285824637455588
220,odyssey,4,odyssey,6,0.8094134634644925
221,iliad,4,odyssey,6,0.7524184344309954
222,iliad,4,iliad,7,0.8179532068907248
223,odyssey,4,odyssey,7,0.8284229056793454
224,iliad,4,odyssey,7,0.758632445813617
225,iliad,4,iliad,8,0.8365387787152401
226,odyssey,4,odyssey,8,0.8508648378469326
227,iliad,4,odyssey,8,0.7940903149793636
228,iliad,4,iliad,9,0.8340937670537144
229,odyssey,4,odyssey,9,0.8446584066729149
230,iliad,4,odyssey,9,0.7686075060888546
231,iliad,4,iliad,10,0.789809578419838
232,odyssey,4,odyssey,10,0.846107254835551
233,iliad,4,odyssey,10,0.7737976558575507
234,iliad,4,iliad,11,0.8537737949946698
235,odyssey,4,odyssey,11,0.8573930101641895
236,iliad,4,odyssey,11,0.8063157383619226
237,iliad,4,iliad,12,0.800429848499692
238,odyssey,4,odyssey,12,0.7969304790902214
239,iliad,4,odyssey,12,0.7121729633189077
240,iliad,4,iliad,13,0.8572349093517179
241,odyssey,4,odyssey,13,0.8404170249367119
242,iliad,4,odyssey,13,0.7740829670603236
243,iliad,4,iliad,14,0.8168431376127308
244,odyssey,4,odyssey,14,0.8550023112881476
245,iliad,4,odyssey,14,0.7896298851364544
246,iliad,4,iliad,15,0.8576175949386734
247,odyssey,4,odyssey,15,0.8723340268567681
248,iliad,4,odyssey,15,0.7932800837099788
249,iliad,4,iliad,16,0.8487737995359544
250,odyssey,4,odyssey,16,0.8396104320725775
251,iliad,4,odyssey,16,0.7580208778145459
252,iliad,4,iliad,17,0.8528887103213214
253,odyssey,4,odyssey,17,0.8582150980185664
254,iliad,4,odyssey,17,0.7763133446996572
255,iliad,4,iliad,18,0.8094982111481172
256,odyssey,4,odyssey,18,0.833425826262767
257,iliad,4,odyssey,18,0.7648765257290197
258,iliad,4,iliad,19,0.7889491942174995
259,odyssey,4,odyssey,19,0.8538767411074738
260,iliad,4,odyssey,19,0.7681309066171177
261,iliad,4,iliad,20,0.8099216060082034
262,odyssey,4,odyssey,20,0.8392060459317856
263,iliad,4,odyssey,20,0.7655805715728826
264,iliad,4,iliad,21,0.8168151249783573
265,odyssey,4,odyssey,21,0.7885120382316504
266,iliad,4,odyssey,21,0.7449256862958138
267,iliad,4,iliad,22,0.7930503335575019
268,odyssey,4,odyssey,22,0.8162631501091503
269,iliad,4,odyssey,22,0.7733531828384298
270,iliad,4,iliad,23,0.8290794731773868
271,odyssey,4,odyssey,23,0.8132217737509715
272,iliad,4,odyssey,23,0.7156786441176488
273,iliad,4,iliad,24,0.8263422773409581
274,odyssey,4,odyssey,24,0.8580829717671413
275,iliad,4,odyssey,24,0.8054204872797017
276,iliad,5,odyssey,1,0.7233146030115635
277,iliad,5,odyssey,2,0.7493100681376125
278,iliad,5,odyssey,3,0.7595961371381624
279,iliad,5,odyssey,4,0.8112681014364346
280,iliad,5,iliad,5,0.9999999999999962
281,odyssey,5,odyssey,5,1.000000000000002
282,iliad,5,odyssey,5,0.7683862265142629
283,iliad,5,iliad,6,0.8201084120526022
284,odyssey,5,odyssey,6,0.7765445386489938
285,iliad,5,odyssey,6,0.741587637308384
286,iliad,5,iliad,7,0.8070647051736585
287,odyssey,5,odyssey,7,0.8107996319099204
288,iliad,5,odyssey,7,0.7431460027088603
289,iliad,5,iliad,8,0.8600532393697695
290,odyssey,5,odyssey,8,0.7982228257933871
291,iliad,5,odyssey,8,0.7723014385931971
292,iliad,5,iliad,9,0.815844606727513
293,odyssey,5,odyssey,9,0.8064783293769627
294,iliad,5,odyssey,9,0.7643409123710236
295,iliad,5,iliad,10,0.798125921265555
296,odyssey,5,odyssey,10,0.8037150298518927
297,iliad,5,odyssey,10,0.7488407541768781
298,iliad,5,iliad,11,0.8647439464886187
299,odyssey,5,odyssey,11,0.8009638953381228
300,iliad,5,odyssey,11,0.7898957434846093
301,iliad,5,iliad,12,0.7835098567629754
302,odyssey,5,odyssey,12,0.7744231722130709
303,iliad,5,odyssey,12,0.6978337886744412
304,iliad,5,iliad,13,0.855795088707004
305,odyssey,5,odyssey,13,0.807363016135026
306,iliad,5,odyssey,13,0.7752160406776825
307,iliad,5,iliad,14,0.8223148504993797
308,odyssey,5,odyssey,14,0.8066360769813627
309,iliad,5,odyssey,14,0.7717022984780381
310,iliad,5,iliad,15,0.866428307343593
311,odyssey,5,odyssey,15,0.7963577008442958
312,iliad,5,odyssey,15,0.7845626717225692
313,iliad,5,iliad,16,0.8596746343462146
314,odyssey,5,odyssey,16,0.7704512498696363
315,iliad,5,odyssey,16,0.7493564797886163
316,iliad,5,iliad,17,0.8565623352128936
317,odyssey,5,odyssey,17,0.794009286555725
318,iliad,5,odyssey,17,0.7688280111256334
319,iliad,5,iliad,18,0.8118869997719054
320,odyssey,5,odyssey,18,0.7944505722352733
321,iliad,5,odyssey,18,0.7553742691413347
322,iliad,5,iliad,19,0.783729452272361
323,odyssey,5,odyssey,19,0.8041295038594685
324,iliad,5,odyssey,19,0.7617999728600884
325,iliad,5,iliad,20,0.8441198855630273
326,odyssey,5,odyssey,20,0.7802300053194061
327,iliad,5,odyssey,20,0.7524614513263569
328,iliad,5,iliad,21,0.8401986688449173
329,odyssey,5,odyssey,21,0.7357007999927484
330,iliad,5,odyssey,21,0.7381218250572169
331,iliad,5,iliad,22,0.8084287100188856
332,odyssey,5,odyssey,22,0.762098912489586
333,iliad,5,odyssey,22,0.7732330690935876
334,iliad,5,iliad,23,0.8403503796449004
335,odyssey,5,odyssey,23,0.7738765295516903
336,iliad,5,odyssey,23,0.7165231254338521
337,iliad,5,iliad,24,0.8281450103085043
338,odyssey,5,odyssey,24,0.8117874066050896
339,iliad,5,odyssey,24,0.7908141166148487
340,iliad,6,odyssey,1,0.7474702879164411
341,iliad,6,odyssey,2,0.7810300814716218
342,iliad,6,odyssey,3,0.7755515251977816
343,iliad,6,odyssey,4,0.837607917924057
344,iliad,6,odyssey,5,0.789915943540644
345,iliad,6,iliad,6,0.9999999999999996
346,odyssey,6,odyssey,6,0.9999999999999978
347,iliad,6,odyssey,6,0.7649565805068284
348,iliad,6,iliad,7,0.8197142967789397
349,odyssey,6,odyssey,7,0.8038317353132409
350,iliad,6,odyssey,7,0.7780620894333127
351,iliad,6,iliad,8,0.8204186154601055
352,odyssey,6,odyssey,8,0.805008443363757
353,iliad,6,odyssey,8,0.8048263730839029
354,iliad,6,iliad,9,0.8395979442566182
355,odyssey,6,odyssey,9,0.7591374302557873
356,iliad,6,odyssey,9,0.7750123662659609
357,iliad,6,iliad,10,0.7830405981725019
358,odyssey,6,odyssey,10,0.7706404018130366
359,iliad,6,odyssey,10,0.7777430286380913
360,iliad,6,iliad,11,0.8255442980002358
361,odyssey,6,odyssey,11,0.7762282605148723
362,iliad,6,odyssey,11,0.8057355718633556
363,iliad,6,iliad,12,0.8017635812997143
364,odyssey,6,odyssey,12,0.7016764760594679
365,iliad,6,odyssey,12,0.7232131044382544
366,iliad,6,iliad,13,0.8334885285618078
367,odyssey,6,odyssey,13,0.782907611070214
368,iliad,6,odyssey,13,0.7836243952956912
369,iliad,6,iliad,14,0.8129196893193745
370,odyssey,6,odyssey,14,0.7877373284753472
371,iliad,6,odyssey,14,0.7996141731943002
372,iliad,6,iliad,15,0.8545685107776188
373,odyssey,6,odyssey,15,0.7879714816603424
374,iliad,6,odyssey,15,0.8097877138499054
375,iliad,6,iliad,16,0.825788568776243
376,odyssey,6,odyssey,16,0.7575298440062495
377,iliad,6,odyssey,16,0.7762319862212768
378,iliad,6,iliad,17,0.8416515991516166
379,odyssey,6,odyssey,17,0.7619594745280547
380,iliad,6,odyssey,17,0.7881080298463208
381,iliad,6,iliad,18,0.8048602563624482
382,odyssey,6,odyssey,18,0.7619010115436308
383,iliad,6,odyssey,18,0.7865659351178579
384,iliad,6,iliad,19,0.7829385946978333
385,odyssey,6,odyssey,19,0.7827037839029467
386,iliad,6,odyssey,19,0.7788876332844843
387,iliad,6,iliad,20,0.8169238327773537
388,odyssey,6,odyssey,20,0.771743178487316
389,iliad,6,odyssey,20,0.7836573070611428
390,iliad,6,iliad,21,0.8256661601165614
391,odyssey,6,odyssey,21,0.7184416632261269
392,iliad,6,odyssey,21,0.7574891204533523
393,iliad,6,iliad,22,0.8216841782152402
394,odyssey,6,odyssey,22,0.7434190264369641
395,iliad,6,odyssey,22,0.7736849867051979
396,iliad,6,iliad,23,0.810594685554523
397,odyssey,6,odyssey,23,0.7243278226012985
398,iliad,6,odyssey,23,0.7439661165471435
399,iliad,6,iliad,24,0.8515309066331804
400,odyssey,6,odyssey,24,0.7884319862676247
401,iliad,6,odyssey,24,0.8103777391662905
402,iliad,7,odyssey,1,0.7025615689175474
403,iliad,7,odyssey,2,0.7493695917066648
404,iliad,7,odyssey,3,0.7509882910328838
405,iliad,7,odyssey,4,0.7958550857149956
406,iliad,7,odyssey,5,0.7465754875775152
407,iliad,7,odyssey,6,0.713970030971877
408,iliad,7,iliad,7,1.0000000000000018
409,odyssey,7,odyssey,7,0.9999999999999992
410,iliad,7,odyssey,7,0.7468257431345073
411,iliad,7,iliad,8,0.8146868975683813
412,odyssey,7,odyssey,8,0.8236544463410965
413,iliad,7,odyssey,8,0.7697857027717391
414,iliad,7,iliad,9,0.8256078643514548
415,odyssey,7,odyssey,9,0.7830769988030832
416,iliad,7,odyssey,9,0.74581618769746
417,iliad,7,iliad,10,0.765992626916313
418,odyssey,7,odyssey,10,0.7914824587490267
419,iliad,7,odyssey,10,0.7434063260834758
420,iliad,7,iliad,11,0.822557388729628
421,odyssey,7,odyssey,11,0.7992154946244812
422,iliad,7,odyssey,11,0.7727483581122052
423,iliad,7,iliad,12,0.79639824840629
424,odyssey,7,odyssey,12,0.7341668643408056
425,iliad,7,odyssey,12,0.6880661379318589
426,iliad,7,iliad,13,0.8309775866689785
427,odyssey,7,odyssey,13,0.8124309840192955
428,iliad,7,odyssey,13,0.7524478094553368
429,iliad,7,iliad,14,0.8002251718129609
430,odyssey,7,odyssey,14,0.8122659604744441
431,iliad,7,odyssey,14,0.7550177754862077
432,iliad,7,iliad,15,0.8490028510240321
433,odyssey,7,odyssey,15,0.804081715286834
434,iliad,7,odyssey,15,0.7648228051042869
435,iliad,7,iliad,16,0.8099028364780994
436,odyssey,7,odyssey,16,0.7822338156802107
437,iliad,7,odyssey,16,0.7331611916149042
438,iliad,7,iliad,17,0.8294218652049167
439,odyssey,7,odyssey,17,0.7940757393135696
440,iliad,7,odyssey,17,0.7547505352623806
441,iliad,7,iliad,18,0.792152506493622
442,odyssey,7,odyssey,18,0.7959840645256637
443,iliad,7,odyssey,18,0.7573188733801262
444,iliad,7,iliad,19,0.7696200460239381
445,odyssey,7,odyssey,19,0.8155936596583204
446,iliad,7,odyssey,19,0.7432792245104388
447,iliad,7,iliad,20,0.7918312714694501
448,odyssey,7,odyssey,20,0.7996496784020684
449,iliad,7,odyssey,20,0.7612177074187507
450,iliad,7,iliad,21,0.8000877433795645
451,odyssey,7,odyssey,21,0.7498964117316709
452,iliad,7,odyssey,21,0.7288805140531099
453,iliad,7,iliad,22,0.7894755947513026
454,odyssey,7,odyssey,22,0.7684625739226018
455,iliad,7,odyssey,22,0.7509910886438915
456,iliad,7,iliad,23,0.810463533712728
457,odyssey,7,odyssey,23,0.7576580006806475
458,iliad,7,odyssey,23,0.7117952570063727
459,iliad,7,iliad,24,0.8141593995479218
460,odyssey,7,odyssey,24,0.8153308701508034
461,iliad,7,odyssey,24,0.78495821322572
462,iliad,8,odyssey,1,0.7206679185333591
463,iliad,8,odyssey,2,0.7537913076317658
464,iliad,8,odyssey,3,0.7640252980975224
465,iliad,8,odyssey,4,0.813003271907785
466,iliad,8,odyssey,5,0.7616077429953222
467,iliad,8,odyssey,6,0.7446805127562618
468,iliad,8,odyssey,7,0.7549986137855562
469,iliad,8,iliad,8,0.999999999999998
470,odyssey,8,odyssey,8,0.9999999999999974
471,iliad,8,odyssey,8,0.7736628894705726
472,iliad,8,iliad,9,0.8409145369764403
473,odyssey,8,odyssey,9,0.7898031876323547
474,iliad,8,odyssey,9,0.7695649145192717
475,iliad,8,iliad,10,0.796176937727121
476,odyssey,8,odyssey,10,0.7999690898641961
477,iliad,8,odyssey,10,0.7624142503412387
478,iliad,8,iliad,11,0.8555792137112646
479,odyssey,8,odyssey,11,0.8199747969358433
480,iliad,8,odyssey,11,0.794548066265887
481,iliad,8,iliad,12,0.795975512173584
482,odyssey,8,odyssey,12,0.7452035379166584
483,iliad,8,odyssey,12,0.7261626190003218
484,iliad,8,iliad,13,0.8426359914827287
485,odyssey,8,odyssey,13,0.826039090267188
486,iliad,8,odyssey,13,0.771685194119988
487,iliad,8,iliad,14,0.8301276825408144
488,odyssey,8,odyssey,14,0.8254292491803571
489,iliad,8,odyssey,14,0.7773144608480044
490,iliad,8,iliad,15,0.8717432803567978
491,odyssey,8,odyssey,15,0.8221967132371745
492,iliad,8,odyssey,15,0.7908263012519872
493,iliad,8,iliad,16,0.8467538119237117
494,odyssey,8,odyssey,16,0.8026146177830022
495,iliad,8,odyssey,16,0.7475646861879688
496,iliad,8,iliad,17,0.8405779568216459
497,odyssey,8,odyssey,17,0.8142944793768797
498,iliad,8,odyssey,17,0.7598941136237647
499,iliad,8,iliad,18,0.8250106438865498
500,odyssey,8,odyssey,18,0.8158633976673615
501,iliad,8,odyssey,18,0.7538765741836955
502,iliad,8,iliad,19,0.7863853066068904
503,odyssey,8,odyssey,19,0.8172296959932908
504,iliad,8,odyssey,19,0.7563398142316731
505,iliad,8,iliad,20,0.8061615917664093
506,odyssey,8,odyssey,20,0.8078596799216147
507,iliad,8,odyssey,20,0.7643166508055413
508,iliad,8,iliad,21,0.8213452396067149
509,odyssey,8,odyssey,21,0.7798192950544147
510,iliad,8,odyssey,21,0.7419903990703528
511,iliad,8,iliad,22,0.808975837130868
512,odyssey,8,odyssey,22,0.7895830301998678
513,iliad,8,odyssey,22,0.7576471530937564
514,iliad,8,iliad,23,0.8299310143276099
515,odyssey,8,odyssey,23,0.7688558076932042
516,iliad,8,odyssey,23,0.713764245532251
517,iliad,8,iliad,24,0.837313561812254
518,odyssey,8,odyssey,24,0.8284913442299542
519,iliad,8,odyssey,24,0.7898724085748983
520,iliad,9,odyssey,1,0.7599017447758843
521,iliad,9,odyssey,2,0.8048862957352095
522,iliad,9,odyssey,3,0.7978214574996328
523,iliad,9,odyssey,4,0.8580826099323632
524,iliad,9,odyssey,5,0.8116650108519532
525,iliad,9,odyssey,6,0.7846265751365952
526,iliad,9,odyssey,7,0.8021377602681772
527,iliad,9,odyssey,8,0.8118018134443367
528,iliad,9,iliad,9,1.0000000000000004
529,odyssey,9,odyssey,9,0.9999999999999992
530,iliad,9,odyssey,9,0.8105215671012422
531,iliad,9,iliad,10,0.7975240972883796
532,odyssey,9,odyssey,10,0.8431171087210122
533,iliad,9,odyssey,10,0.8055654574398913
534,iliad,9,iliad,11,0.8395476650265751
535,odyssey,9,odyssey,11,0.8250259218421977
536,iliad,9,odyssey,11,0.8346070583384738
537,iliad,9,iliad,12,0.8017199830551824
538,odyssey,9,odyssey,12,0.8079045050554138
539,iliad,9,odyssey,12,0.7556017206423601
540,iliad,9,iliad,13,0.8302372954127782
541,odyssey,9,odyssey,13,0.7882059289814342
542,iliad,9,odyssey,13,0.8158875022619216
543,iliad,9,iliad,14,0.830588779258481
544,odyssey,9,odyssey,14,0.8156136477452351
545,iliad,9,odyssey,14,0.8321151386403973
546,iliad,9,iliad,15,0.8577416402090837
547,odyssey,9,odyssey,15,0.7982078386667142
548,iliad,9,odyssey,15,0.8271982678610187
549,iliad,9,iliad,16,0.8446021778273195
550,odyssey,9,odyssey,16,0.7594829539866949
551,iliad,9,odyssey,16,0.7958779849870945
552,iliad,9,iliad,17,0.8280159149871805
553,odyssey,9,odyssey,17,0.7805509339352985
554,iliad,9,odyssey,17,0.8066169515540202
555,iliad,9,iliad,18,0.8328553500210525
556,odyssey,9,odyssey,18,0.7622188546096593
557,iliad,9,odyssey,18,0.7953158224208912
558,iliad,9,iliad,19,0.8251980914209608
559,odyssey,9,odyssey,19,0.7881584079335584
560,iliad,9,odyssey,19,0.8097854636310585
561,iliad,9,iliad,20,0.8068288019781406
562,odyssey,9,odyssey,20,0.7645858582921838
563,iliad,9,odyssey,20,0.7944562872059125
564,iliad,9,iliad,21,0.8323799707696509
565,odyssey,9,odyssey,21,0.7320367084167603
566,iliad,9,odyssey,21,0.7721363872812644
567,iliad,9,iliad,22,0.8312373782987273
568,odyssey,9,odyssey,22,0.7471399772615601
569,iliad,9,odyssey,22,0.7844706206962194
570,iliad,9,iliad,23,0.8555595098075617
571,odyssey,9,odyssey,23,0.7418261374373651
572,iliad,9,odyssey,23,0.7696782754171918
573,iliad,9,iliad,24,0.8715095092944798
574,odyssey,9,odyssey,24,0.7928871583525148
575,iliad,9,odyssey,24,0.8357893395709448
576,iliad,10,odyssey,1,0.7228661710767841
577,iliad,10,odyssey,2,0.7390939018790124
578,iliad,10,odyssey,3,0.7653781118165611
579,iliad,10,odyssey,4,0.805721882544299
580,iliad,10,odyssey,5,0.7395163300808417
581,iliad,10,odyssey,6,0.7135022673772652
582,iliad,10,odyssey,7,0.7268396500143498
583,iliad,10,odyssey,8,0.7611904799107083
584,iliad,10,odyssey,9,0.7483827227896712
585,iliad,10,iliad,10,1.0000000000000004
586,odyssey,10,odyssey,10,1.0000000000000024
587,iliad,10,odyssey,10,0.7377814667333839
588,iliad,10,iliad,11,0.8053206521042225
589,odyssey,10,odyssey,11,0.8440981478164801
590,iliad,10,odyssey,11,0.7625344464100878
591,iliad,10,iliad,12,0.7539355459489142
592,odyssey,10,odyssey,12,0.8206826731334225
593,iliad,10,odyssey,12,0.6913760283921462
594,iliad,10,iliad,13,0.7944336197130798
595,odyssey,10,odyssey,13,0.7894694512891371
596,iliad,10,odyssey,13,0.7431956346187145
597,iliad,10,iliad,14,0.7773437843756884
598,odyssey,10,odyssey,14,0.8087342547831515
599,iliad,10,odyssey,14,0.7830557398605966
600,iliad,10,iliad,15,0.8013999639289703
601,odyssey,10,odyssey,15,0.8088529072513083
602,iliad,10,odyssey,15,0.7750397332087386
603,iliad,10,iliad,16,0.7827138689341332
604,odyssey,10,odyssey,16,0.7620360622277209
605,iliad,10,odyssey,16,0.748475939573751
606,iliad,10,iliad,17,0.7926593967889908
607,odyssey,10,odyssey,17,0.7782373330765849
608,iliad,10,odyssey,17,0.771047368547508
609,iliad,10,iliad,18,0.7569147424856567
610,odyssey,10,odyssey,18,0.7739278255647501
611,iliad,10,odyssey,18,0.7433698439928111
612,iliad,10,iliad,19,0.7600180831853072
613,odyssey,10,odyssey,19,0.7884799339185381
614,iliad,10,odyssey,19,0.7637214229251903
615,iliad,10,iliad,20,0.7590540832990307
616,odyssey,10,odyssey,20,0.7754113949369623
617,iliad,10,odyssey,20,0.7379117374137543
618,iliad,10,iliad,21,0.7588284735408842
619,odyssey,10,odyssey,21,0.737269909402105
620,iliad,10,odyssey,21,0.7084946939856984
621,iliad,10,iliad,22,0.7664891174818315
622,odyssey,10,odyssey,22,0.7660698640025365
623,iliad,10,odyssey,22,0.7378691211161373
624,iliad,10,iliad,23,0.785208473272685
625,odyssey,10,odyssey,23,0.7358648635699333
626,iliad,10,odyssey,23,0.7116064854516896
627,iliad,10,iliad,24,0.81681406448625
628,odyssey,10,odyssey,24,0.7956275072120238
629,iliad,10,odyssey,24,0.7818880739499425
630,iliad,11,odyssey,1,0.7143357658142298
631,iliad,11,odyssey,2,0.7443982889198617
632,iliad,11,odyssey,3,0.7677611848822836
633,iliad,11,odyssey,4,0.8123536977394988
634,iliad,11,odyssey,5,0.7682908726930552
635,iliad,11,odyssey,6,0.73804910702809
636,iliad,11,odyssey,7,0.7481036745781642
637,iliad,11,odyssey,8,0.7756022976185237
638,iliad,11,odyssey,9,0.7767031152266917
639,iliad,11,odyssey,10,0.7829289644607604
640,iliad,11,iliad,11,1.0000000000000027
641,odyssey,11,odyssey,11,1.0000000000000004
642,iliad,11,odyssey,11,0.7903491664170924
643,iliad,11,iliad,12,0.808495227063997
644,odyssey,11,odyssey,12,0.799442589154945
645,iliad,11,odyssey,12,0.7284216675080804
646,iliad,11,iliad,13,0.8697300548320172
647,odyssey,11,odyssey,13,0.8190486750586824
648,iliad,11,odyssey,13,0.7662963234158823
649,iliad,11,iliad,14,0.8328028445388036
650,odyssey,11,odyssey,14,0.8316390795284234
651,iliad,11,odyssey,14,0.7746218560351439
652,iliad,11,iliad,15,0.8783629118437262
653,odyssey,11,odyssey,15,0.8237875655251146
654,iliad,11,odyssey,15,0.7809392512451155
655,iliad,11,iliad,16,0.8906305311019266
656,odyssey,11,odyssey,16,0.7993722101405433
657,iliad,11,odyssey,16,0.739543513218436
658,iliad,11,iliad,17,0.8617717913759828
659,odyssey,11,odyssey,17,0.79964862088031
660,iliad,11,odyssey,17,0.7695743797351625
661,iliad,11,iliad,18,0.8479359312409599
662,odyssey,11,odyssey,18,0.7968848583627771
663,iliad,11,odyssey,18,0.7438253266265173
664,iliad,11,iliad,19,0.7922826595348758
665,odyssey,11,odyssey,19,0.811557241148614
666,iliad,11,odyssey,19,0.7538849484169934
667,iliad,11,iliad,20,0.8287640238013605
668,odyssey,11,odyssey,20,0.7877406997749107
669,iliad,11,odyssey,20,0.7543895423798833
670,iliad,11,iliad,21,0.8422384088066398
671,odyssey,11,odyssey,21,0.7620721241886258
672,iliad,11,odyssey,21,0.7417096221469992
673,iliad,11,iliad,22,0.8202504608914619
674,odyssey,11,odyssey,22,0.7809927873956857
675,iliad,11,odyssey,22,0.7838038582155871
676,iliad,11,iliad,23,0.8652224079797809
677,odyssey,11,odyssey,23,0.7642032355576592
678,iliad,11,odyssey,23,0.7052821712829711
679,iliad,11,iliad,24,0.8300781684500562
680,odyssey,11,odyssey,24,0.8208622804431761
681,iliad,11,odyssey,24,0.8013313560195393
682,iliad,12,odyssey,1,0.6694416644196772
683,iliad,12,odyssey,2,0.7191562536314142
684,iliad,12,odyssey,3,0.7106923040282684
685,iliad,12,odyssey,4,0.7717705109777983
686,iliad,12,odyssey,5,0.7283586798913662
687,iliad,12,odyssey,6,0.7129242175749044
688,iliad,12,odyssey,7,0.7034916704655076
689,iliad,12,odyssey,8,0.7522633413648921
690,iliad,12,odyssey,9,0.7378810272659871
691,iliad,12,odyssey,10,0.7374053067811424
692,iliad,12,odyssey,11,0.7476527740868275
693,iliad,12,iliad,12,1.0000000000000002
694,odyssey,12,odyssey,12,0.9999999999999984
695,iliad,12,odyssey,12,0.6788709916826955
696,iliad,12,iliad,13,0.8403523519641989
697,odyssey,12,odyssey,13,0.7505844219154537
698,iliad,12,odyssey,13,0.7120064245813503
699,iliad,12,iliad,14,0.7813172534917064
700,odyssey,12,odyssey,14,0.7742443634593319
701,iliad,12,odyssey,14,0.7475443694269277
702,iliad,12,iliad,15,0.8439812704829277
703,odyssey,12,odyssey,15,0.7627511811509559
704,iliad,12,odyssey,15,0.726715350111608
705,iliad,12,iliad,16,0.8150692992198502
706,odyssey,12,odyssey,16,0.7192127336185846
707,iliad,12,odyssey,16,0.7071706877390134
708,iliad,12,iliad,17,0.8218112434684587
709,odyssey,12,odyssey,17,0.7207104020269389
710,iliad,12,odyssey,17,0.7202423838432747
711,iliad,12,iliad,18,0.7663038461759389
712,odyssey,12,odyssey,18,0.7164536462701387
713,iliad,12,odyssey,18,0.7259117268165611
714,iliad,12,iliad,19,0.73296521063085
715,odyssey,12,odyssey,19,0.7248606824624146
716,iliad,12,odyssey,19,0.7054124986486439
717,iliad,12,iliad,20,0.7838100807743454
718,odyssey,12,odyssey,20,0.7126289702256203
719,iliad,12,odyssey,20,0.7227237438674168
720,iliad,12,iliad,21,0.7836004430694948
721,odyssey,12,odyssey,21,0.6839238361112826
722,iliad,12,odyssey,21,0.7043676181470311
723,iliad,12,iliad,22,0.7679273364292203
724,odyssey,12,odyssey,22,0.701807442326917
725,iliad,12,odyssey,22,0.7179963752915579
726,iliad,12,iliad,23,0.7887255782805832
727,odyssey,12,odyssey,23,0.6939310109901865
728,iliad,12,odyssey,23,0.6780817852188729
729,iliad,12,iliad,24,0.7948465388326282
730,odyssey,12,odyssey,24,0.7333581360161328
731,iliad,12,odyssey,24,0.7483142345796077
732,iliad,13,odyssey,1,0.7260241999317749
733,iliad,13,odyssey,2,0.7614782443436127
734,iliad,13,odyssey,3,0.7547189665202791
735,iliad,13,odyssey,4,0.8174158077134736
736,iliad,13,odyssey,5,0.7656181828856518
737,iliad,13,odyssey,6,0.741152001222024
738,iliad,13,odyssey,7,0.7448179255508244
739,iliad,13,odyssey,8,0.7899428243573134
740,iliad,13,odyssey,9,0.7714188567671862
741,iliad,13,odyssey,10,0.7761650338459164
742,iliad,13,odyssey,11,0.7943213438154123
743,iliad,13,odyssey,12,0.7154126693822603
744,iliad,13,iliad,13,0.9999999999999978
745,odyssey,13,odyssey,13,1.0000000000000002
746,iliad,13,odyssey,13,0.7673673907211805
747,iliad,13,iliad,14,0.8367114139763601
748,odyssey,13,odyssey,14,0.8120493907991453
749,iliad,13,odyssey,14,0.7829973587711747
750,iliad,13,iliad,15,0.8821283232846655
751,odyssey,13,odyssey,15,0.8221975735429433
752,iliad,13,odyssey,15,0.7906201472754387
753,iliad,13,iliad,16,0.8752879368872238
754,odyssey,13,odyssey,16,0.7980728510284741
755,iliad,13,odyssey,16,0.7612560416630807
756,iliad,13,iliad,17,0.883874528029629
757,odyssey,13,odyssey,17,0.7951650540519146
758,iliad,13,odyssey,17,0.7669991492626921
759,iliad,13,iliad,18,0.8127382059704504
760,odyssey,13,odyssey,18,0.797901545886101
761,iliad,13,odyssey,18,0.765210626652396
762,iliad,13,iliad,19,0.7902098776325968
763,odyssey,13,odyssey,19,0.8103508572341059
764,iliad,13,odyssey,19,0.751008744987874
765,iliad,13,iliad,20,0.8333478690564392
766,odyssey,13,odyssey,20,0.7857189237430067
767,iliad,13,odyssey,20,0.7631265903684291
768,iliad,13,iliad,21,0.8285137640050051
769,odyssey,13,odyssey,21,0.7331045841025032
770,iliad,13,odyssey,21,0.7482868138476446
771,iliad,13,iliad,22,0.8136952080515254
772,odyssey,13,odyssey,22,0.7831563734933749
773,iliad,13,odyssey,22,0.7696804008181399
774,iliad,13,iliad,23,0.8386280062358317
775,odyssey,13,odyssey,23,0.766299733279121
776,iliad,13,odyssey,23,0.7068563405199875
777,iliad,13,iliad,24,0.8267423247342218
778,odyssey,13,odyssey,24,0.8195588071573686
779,iliad,13,odyssey,24,0.792143813314444
780,iliad,14,odyssey,1,0.7188654463350125
781,iliad,14,odyssey,2,0.7689579495441253
782,iliad,14,odyssey,3,0.7499185287072782
783,iliad,14,odyssey,4,0.8191197662365345
784,iliad,14,odyssey,5,0.7698953825815239
785,iliad,14,odyssey,6,0.7288239781197755
786,iliad,14,odyssey,7,0.7507797801453121
787,iliad,14,odyssey,8,0.7757915839714662
788,iliad,14,odyssey,9,0.7580028710351928
789,iliad,14,odyssey,10,0.7585339701971621
790,iliad,14,odyssey,11,0.7851126598942912
791,iliad,14,odyssey,12,0.7071743860116224
792,iliad,14,odyssey,13,0.7656819246774961
793,iliad,14,iliad,14,1.0000000000000002
794,odyssey,14,odyssey,14,0.9999999999999996
795,iliad,14,odyssey,14,0.7742457219689379
796,iliad,14,iliad,15,0.8576817323204978
797,odyssey,14,odyssey,15,0.8520186028443341
798,iliad,14,odyssey,15,0.7730506683181819
799,iliad,14,iliad,16,0.8287948615816918
800,odyssey,14,odyssey,16,0.8237997862808334
801,iliad,14,odyssey,16,0.7484243672696961
802,iliad,14,iliad,17,0.8219011389605237
803,odyssey,14,odyssey,17,0.8384605839179787
804,iliad,14,odyssey,17,0.7689116540645763
805,iliad,14,iliad,18,0.8060736490925301
806,odyssey,14,odyssey,18,0.8057749931424
807,iliad,14,odyssey,18,0.7600831366263774
808,iliad,14,iliad,19,0.7899488483947039
809,odyssey,14,odyssey,19,0.8377919118240893
810,iliad,14,odyssey,19,0.7653882803692432
811,iliad,14,iliad,20,0.8043259710455363
812,odyssey,14,odyssey,20,0.816110272930049
813,iliad,14,odyssey,20,0.7603979263312867
814,iliad,14,iliad,21,0.8253634770882462
815,odyssey,14,odyssey,21,0.7667310211327932
816,iliad,14,odyssey,21,0.7182431977921179
817,iliad,14,iliad,22,0.8030275997658789
818,odyssey,14,odyssey,22,0.7780035074019002
819,iliad,14,odyssey,22,0.7595410961005573
820,iliad,14,iliad,23,0.818461779209225
821,odyssey,14,odyssey,23,0.7798931363970545
822,iliad,14,odyssey,23,0.7215873580671661
823,iliad,14,iliad,24,0.8223767748953893
824,odyssey,14,odyssey,24,0.831723983153182
825,iliad,14,odyssey,24,0.7895011301276675
826,iliad,15,odyssey,1,0.7462770001571064
827,iliad,15,odyssey,2,0.7783189617216406
828,iliad,15,odyssey,3,0.7809274834533056
829,iliad,15,odyssey,4,0.8421200934713925
830,iliad,15,odyssey,5,0.7942981453462185
831,iliad,15,odyssey,6,0.7669023078063745
832,iliad,15,odyssey,7,0.7766354088699418
833,iliad,15,odyssey,8,0.8108567102885327
834,iliad,15,odyssey,9,0.8007987962312781
835,iliad,15,odyssey,10,0.8019219458287943
836,iliad,15,odyssey,11,0.819155327665246
837,iliad,15,odyssey,12,0.7414111416218248
838,iliad,15,odyssey,13,0.7941529269036353
839,iliad,15,odyssey,14,0.8018411854825602
840,iliad,15,iliad,15,1.000000000000001
841,odyssey,15,odyssey,15,0.9999999999999991
842,iliad,15,odyssey,15,0.8077576578847719
843,iliad,15,iliad,16,0.8854746285869417
844,odyssey,15,odyssey,16,0.8431786544790597
845,iliad,15,odyssey,16,0.7676530935050168
846,iliad,15,iliad,17,0.8876123821833874
847,odyssey,15,odyssey,17,0.8401554559153666
848,iliad,15,odyssey,17,0.788916678892297
849,iliad,15,iliad,18,0.8394615399773457
850,odyssey,15,odyssey,18,0.8098529227555337
851,iliad,15,odyssey,18,0.7816255384615485
852,iliad,15,iliad,19,0.8087848520573101
853,odyssey,15,odyssey,19,0.8281447411881303
854,iliad,15,odyssey,19,0.7722774054369023
855,iliad,15,iliad,20,0.8462196315083865
856,odyssey,15,odyssey,20,0.8169067233103035
857,iliad,15,odyssey,20,0.7871453061321856
858,iliad,15,iliad,21,0.8562246803766461
859,odyssey,15,odyssey,21,0.7637256726461856
860,iliad,15,odyssey,21,0.7722490469725499
861,iliad,15,iliad,22,0.8420320421696713
862,odyssey,15,odyssey,22,0.792885231290438
863,iliad,15,odyssey,22,0.789584980692494
864,iliad,15,iliad,23,0.8524371654551183
865,odyssey,15,odyssey,23,0.7696520382574584
866,iliad,15,odyssey,23,0.7337233009975884
867,iliad,15,iliad,24,0.855004882408465
868,odyssey,15,odyssey,24,0.8395324633016275
869,iliad,15,odyssey,24,0.8123329260620034
870,iliad,16,odyssey,1,0.7062635563765658
871,iliad,16,odyssey,2,0.738548153340619
872,iliad,16,odyssey,3,0.7446987624333838
873,iliad,16,odyssey,4,0.8085508479089317
874,iliad,16,odyssey,5,0.7686487725922623
875,iliad,16,odyssey,6,0.7386037270665896
876,iliad,16,odyssey,7,0.7389893787567892
877,iliad,16,odyssey,8,0.7733821363321894
878,iliad,16,odyssey,9,0.7754878141566142
879,iliad,16,odyssey,10,0.7807913209592294
880,iliad,16,odyssey,11,0.7994101467843029
881,iliad,16,odyssey,12,0.7209946075800742
882,iliad,16,odyssey,13,0.7718755956582097
883,iliad,16,odyssey,14,0.7724604959501824
884,iliad,16,odyssey,15,0.7833893166731001
885,iliad,16,iliad,16,1.0000000000000009
886,odyssey,16,odyssey,16,1.0000000000000002
887,iliad,16,odyssey,16,0.7393084371602096
888,iliad,16,iliad,17,0.8797281058704423
889,odyssey,16,odyssey,17,0.8427939822480043
890,iliad,16,odyssey,17,0.7642295410709176
891,iliad,16,iliad,18,0.8538359121506119
892,odyssey,16,odyssey,18,0.8156160822591448
893,iliad,16,odyssey,18,0.7527689330111482
894,iliad,16,iliad,19,0.801825209515029
895,odyssey,16,odyssey,19,0.8309351667029024
896,iliad,16,odyssey,19,0.7451296586666709
897,iliad,16,iliad,20,0.8319584813316715
898,odyssey,16,odyssey,20,0.8084531499483423
899,iliad,16,odyssey,20,0.7496645727248491
900,iliad,16,iliad,21,0.8540650233053817
901,odyssey,16,odyssey,21,0.7649704626062126
902,iliad,16,odyssey,21,0.7247764862674021
903,iliad,16,iliad,22,0.8366608128018055
904,odyssey,16,odyssey,22,0.7936340319626177
905,iliad,16,odyssey,22,0.7746793512519244
906,iliad,16,iliad,23,0.8601930839631855
907,odyssey,16,odyssey,23,0.7783061128050932
908,iliad,16,odyssey,23,0.6966829200668287
909,iliad,16,iliad,24,0.8347941331979749
910,odyssey,16,odyssey,24,0.8346180607909458
911,iliad,16,odyssey,24,0.7872624307704357
912,iliad,17,odyssey,1,0.7101572957402377
913,iliad,17,odyssey,2,0.758571781939589
914,iliad,17,odyssey,3,0.7512248577764459
915,iliad,17,odyssey,4,0.8121829517899535
916,iliad,17,odyssey,5,0.7577425027857247
917,iliad,17,odyssey,6,0.7384978894868305
918,iliad,17,odyssey,7,0.7379584691006452
919,iliad,17,odyssey,8,0.7781494606701197
920,iliad,17,odyssey,9,0.7623203620157021
921,iliad,17,odyssey,10,0.7678468615638548
922,iliad,17,odyssey,11,0.7968884397379014
923,iliad,17,odyssey,12,0.7045217598236763
924,iliad,17,odyssey,13,0.7633430002931524
925,iliad,17,odyssey,14,0.7663786278635629
926,iliad,17,odyssey,15,0.784510900699759
927,iliad,17,odyssey,16,0.7485245393934723
928,iliad,17,iliad,17,1.0000000000000007
929,odyssey,17,odyssey,17,1.0000000000000018
930,iliad,17,odyssey,17,0.7649928270535229
931,iliad,17,iliad,18,0.8159929709057275
932,odyssey,17,odyssey,18,0.8310549828025887
933,iliad,17,odyssey,18,0.7558752963342993
934,iliad,17,iliad,19,0.7808903699280704
935,odyssey,17,odyssey,19,0.845779846282348
936,iliad,17,odyssey,19,0.7395857743574398
937,iliad,17,iliad,20,0.8258461599139435
938,odyssey,17,odyssey,20,0.8345544925957842
939,iliad,17,odyssey,20,0.7511075347736247
940,iliad,17,iliad,21,0.8343136760531566
941,odyssey,17,odyssey,21,0.7739090077541958
942,iliad,17,odyssey,21,0.7312100339847832
943,iliad,17,iliad,22,0.8307062801311825
944,odyssey,17,odyssey,22,0.8066362736833964
945,iliad,17,odyssey,22,0.7669153803030017
946,iliad,17,iliad,23,0.8435651933370575
947,odyssey,17,odyssey,23,0.7929460643228589
948,iliad,17,odyssey,23,0.6940540122499848
949,iliad,17,iliad,24,0.8297665168966974
950,odyssey,17,odyssey,24,0.8443663524860098
951,iliad,17,odyssey,24,0.788108512318485
952,iliad,18,odyssey,1,0.7226595289556353
953,iliad,18,odyssey,2,0.7389370876004961
954,iliad,18,odyssey,3,0.7567207384123209
955,iliad,18,odyssey,4,0.805080677254536
956,iliad,18,odyssey,5,0.7732430557857789
957,iliad,18,odyssey,6,0.7403330211790637
958,iliad,18,odyssey,7,0.7502000618135615
959,iliad,18,odyssey,8,0.7711272324756611
960,iliad,18,odyssey,9,0.7667747060394494
961,iliad,18,odyssey,10,0.7723596119369638
962,iliad,18,odyssey,11,0.7932707521198806
963,iliad,18,odyssey,12,0.7435255537290484
964,iliad,18,odyssey,13,0.7736686356526572
965,iliad,18,odyssey,14,0.7692536021547058
966,iliad,18,odyssey,15,0.7697417024024441
967,iliad,18,odyssey,16,0.7283399403637768
968,iliad,18,odyssey,17,0.7568862023747683
969,iliad,18,iliad,18,0.9999999999999978
970,odyssey,18,odyssey,18,0.9999999999999999
971,iliad,18,odyssey,18,0.747859134591654
972,iliad,18,iliad,19,0.7907454425847226
973,odyssey,18,odyssey,19,0.8325420026159529
974,iliad,18,odyssey,19,0.7513786146740716
975,iliad,18,iliad,20,0.7889842373041329
976,odyssey,18,odyssey,20,0.8293363200430498
977,iliad,18,odyssey,20,0.7458478908378121
978,iliad,18,iliad,21,0.8160638889228855
979,odyssey,18,odyssey,21,0.774835442471698
980,iliad,18,odyssey,21,0.7170638768254943
981,iliad,18,iliad,22,0.8137633315658515
982,odyssey,18,odyssey,22,0.7936390104597072
983,iliad,18,odyssey,22,0.7601253463884433
984,iliad,18,iliad,23,0.8392870588778583
985,odyssey,18,odyssey,23,0.7677855607489993
986,iliad,18,odyssey,23,0.7100853259683548
987,iliad,18,iliad,24,0.8374376666607954
988,odyssey,18,odyssey,24,0.8266905846569024
989,iliad,18,odyssey,24,0.7747322183832477
990,iliad,19,odyssey,1,0.7261196566294885
991,iliad,19,odyssey,2,0.7483023298450845
992,iliad,19,odyssey,3,0.7367541754753764
993,iliad,19,odyssey,4,0.8091717029401189
994,iliad,19,odyssey,5,0.7530049455443599
995,iliad,19,odyssey,6,0.717929894285928
996,iliad,19,odyssey,7,0.7445578027518646
997,iliad,19,odyssey,8,0.7719616010637494
998,iliad,19,odyssey,9,0.7421101231678254
999,iliad,19,odyssey,10,0.7514346423086378
1000,iliad,19,odyssey,11,0.7820640028304742
1001,iliad,19,odyssey,12,0.7080601542774011
1002,iliad,19,odyssey,13,0.7689611067732001
1003,iliad,19,odyssey,14,0.7826965779574884
1004,iliad,19,odyssey,15,0.7839100875799635
1005,iliad,19,odyssey,16,0.7553219971634155
1006,iliad,19,odyssey,17,0.7606749266852316
1007,iliad,19,odyssey,18,0.768693159910804
1008,iliad,19,iliad,19,1.0000000000000007
1009,odyssey,19,odyssey,19,1.0000000000000007
1010,iliad,19,odyssey,19,0.7714135012415965
1011,iliad,19,iliad,20,0.7713659008473198
1012,odyssey,19,odyssey,20,0.8283298383360936
1013,iliad,19,odyssey,20,0.7559170107864799
1014,iliad,19,iliad,21,0.7923931520773789
1015,odyssey,19,odyssey,21,0.7887499563613072
1016,iliad,19,odyssey,21,0.7081962170895757
1017,iliad,19,iliad,22,0.7789919610331981
1018,odyssey,19,odyssey,22,0.7994067887847439
1019,iliad,19,odyssey,22,0.7444572014805683
1020,iliad,19,iliad,23,0.7941577154225634
1021,odyssey,19,odyssey,23,0.8167796089579531
1022,iliad,19,odyssey,23,0.7151746662929495
1023,iliad,19,iliad,24,0.8259677869022807
1024,odyssey,19,odyssey,24,0.8476150798819652
1025,iliad,19,odyssey,24,0.7823295070660814
1026,iliad,20,odyssey,1,0.708022602807952
1027,iliad,20,odyssey,2,0.73646336868905
1028,iliad,20,odyssey,3,0.7371583052371179
1029,iliad,20,odyssey,4,0.7937116264802625
1030,iliad,20,odyssey,5,0.757304196325118
1031,iliad,20,odyssey,6,0.7295523285279443
1032,iliad,20,odyssey,7,0.7444702900747837
1033,iliad,20,odyssey,8,0.7713139386251429
1034,iliad,20,odyssey,9,0.7577963909280568
1035,iliad,20,odyssey,10,0.7467912568298691
1036,iliad,20,odyssey,11,0.7750224846258555
1037,iliad,20,odyssey,12,0.6932134978128234
1038,iliad,20,odyssey,13,0.7587536377271009
1039,iliad,20,odyssey,14,0.7631608385527895
1040,iliad,20,odyssey,15,0.7606462657271237
1041,iliad,20,odyssey,16,0.749074757708395
1042,iliad,20,odyssey,17,0.7540423145916658
1043,iliad,20,odyssey,18,0.7483377398507519
1044,iliad,20,odyssey,19,0.7302976024332806
1045,iliad,20,iliad,20,1.0000000000000004
1046,odyssey,20,odyssey,20,0.9999999999999978
1047,iliad,20,odyssey,20,0.7483433831989332
1048,iliad,20,iliad,21,0.8399226909963038
1049,odyssey,20,odyssey,21,0.7885484197776637
1050,iliad,20,odyssey,21,0.7203574595032888
1051,iliad,20,iliad,22,0.8174316276304895
1052,odyssey,20,odyssey,22,0.8078861019427878
1053,iliad,20,odyssey,22,0.7517563311161589
1054,iliad,20,iliad,23,0.8165203705471688
1055,odyssey,20,odyssey,23,0.7736288705721772
1056,iliad,20,odyssey,23,0.7077525423993607
1057,iliad,20,iliad,24,0.8202777340726385
1058,odyssey,20,odyssey,24,0.8272562299509052
1059,iliad,20,odyssey,24,0.7770257983026078
1060,iliad,21,odyssey,1,0.7153071495949367
1061,iliad,21,odyssey,2,0.7542535760923544
1062,iliad,21,odyssey,3,0.749185786884559
1063,iliad,21,odyssey,4,0.8225663250686112
1064,iliad,21,odyssey,5,0.785118234999425
1065,iliad,21,odyssey,6,0.7550332525180112
1066,iliad,21,odyssey,7,0.7597343771874591
1067,iliad,21,odyssey,8,0.7833445679300876
1068,iliad,21,odyssey,9,0.7730310682140585
1069,iliad,21,odyssey,10,0.7769781809077733
1070,iliad,21,odyssey,11,0.7988028323158555
1071,iliad,21,odyssey,12,0.7091589015494013
1072,iliad,21,odyssey,13,0.7794733479606706
1073,iliad,21,odyssey,14,0.775325443532487
1074,iliad,21,odyssey,15,0.7835489110118913
1075,iliad,21,odyssey,16,0.7588372827421566
1076,iliad,21,odyssey,17,0.7776301218358671
1077,iliad,21,odyssey,18,0.7691676426580215
1078,iliad,21,odyssey,19,0.7582360413942146
1079,iliad,21,odyssey,20,0.7583051203061768
1080,iliad,21,iliad,21,1.0000000000000013
1081,odyssey,21,odyssey,21,1.0000000000000018
1082,iliad,21,odyssey,21,0.7457044870929012
1083,iliad,21,iliad,22,0.8356462983987729
1084,odyssey,21,odyssey,22,0.7800609250595478
1085,iliad,21,odyssey,22,0.7729065090421537
1086,iliad,21,iliad,23,0.8392452217198116
1087,odyssey,21,odyssey,23,0.7336753380151816
1088,iliad,21,odyssey,23,0.7299443930910258
1089,iliad,21,iliad,24,0.8393886190432149
1090,odyssey,21,odyssey,24,0.7857945353523359
1091,iliad,21,odyssey,24,0.7984441799087367
1092,iliad,22,odyssey,1,0.7174344711328925
1093,iliad,22,odyssey,2,0.758266697516943
1094,iliad,22,odyssey,3,0.7364349717032882
1095,iliad,22,odyssey,4,0.8020412252639352
1096,iliad,22,odyssey,5,0.7610757384516347
1097,iliad,22,odyssey,6,0.7274290249473083
1098,iliad,22,odyssey,7,0.7397236099856492
1099,iliad,22,odyssey,8,0.7681752712020187
1100,iliad,22,odyssey,9,0.7560828317467372
1101,iliad,22,odyssey,10,0.7579069301193111
1102,iliad,22,odyssey,11,0.7884291176641551
1103,iliad,22,odyssey,12,0.7005632421263891
1104,iliad,22,odyssey,13,0.7652958046823047
1105,iliad,22,odyssey,14,0.7647203631429859
1106,iliad,22,odyssey,15,0.7677919441918456
1107,iliad,22,odyssey,16,0.7567221452724775
1108,iliad,22,odyssey,17,0.7705241837079918
1109,iliad,22,odyssey,18,0.7616150461562021
1110,iliad,22,odyssey,19,0.754517180594048
1111,iliad,22,odyssey,20,0.7437847147475264
1112,iliad,22,odyssey,21,0.7108099093653942
1113,iliad,22,iliad,22,1.0000000000000018
1114,odyssey,22,odyssey,22,0.9999999999999991
1115,iliad,22,odyssey,22,0.7509903380519178
1116,iliad,22,iliad,23,0.8091833577541109
1117,odyssey,22,odyssey,23,0.7530620195044416
1118,iliad,22,odyssey,23,0.7175894549158411
1119,iliad,22,iliad,24,0.8415041394452055
1120,odyssey,22,odyssey,24,0.8201751633603803
1121,iliad,22,odyssey,24,0.7839064051903166
1122,iliad,23,odyssey,1,0.7205488037398355
1123,iliad,23,odyssey,2,0.7670589070459326
1124,iliad,23,odyssey,3,0.7797687343853283
1125,iliad,23,odyssey,4,0.8311588540089081
1126,iliad,23,odyssey,5,0.7874762425585413
1127,iliad,23,odyssey,6,0.758122544620086
1128,iliad,23,odyssey,7,0.7648364619309428
1129,iliad,23,odyssey,8,0.7839974964389934
1130,iliad,23,odyssey,9,0.7808162694680881
1131,iliad,23,odyssey,10,0.7781165541517248
1132,iliad,23,odyssey,11,0.8018768987097673
1133,iliad,23,odyssey,12,0.7339119648398256
1134,iliad,23,odyssey,13,0.7856594164452149
1135,iliad,23,odyssey,14,0.7757899679446804
1136,iliad,23,odyssey,15,0.7932272377775241
1137,iliad,23,odyssey,16,0.760862685377393
1138,iliad,23,odyssey,17,0.7805626028658054
1139,iliad,23,odyssey,18,0.7692904982945481
1140,iliad,23,odyssey,19,0.7745237664137462
1141,iliad,23,odyssey,20,0.7646156383291299
1142,iliad,23,odyssey,21,0.7591255701272179
1143,iliad,23,odyssey,22,0.7814546490190053
1144,iliad,23,iliad,23,0.9999999999999999
1145,odyssey,23,odyssey,23,1.0000000000000007
1146,iliad,23,odyssey,23,0.7272945263425349
1147,iliad,23,iliad,24,0.8469849168300215
1148,odyssey,23,odyssey,24,0.7931833852860141
1149,iliad,23,odyssey,24,0.8053873864821669
1150,iliad,24,odyssey,1,0.7820207283667859
1151,iliad,24,odyssey,2,0.7978639274309852
1152,iliad,24,odyssey,3,0.8039107067449017
1153,iliad,24,odyssey,4,0.8680130381708508
1154,iliad,24,odyssey,5,0.815790065201199
1155,iliad,24,odyssey,6,0.7868567204530567
1156,iliad,24,odyssey,7,0.8054093234860558
1157,iliad,24,odyssey,8,0.8268238569370714
1158,iliad,24,odyssey,9,0.8097770965457941
1159,iliad,24,odyssey,10,0.8092379613689715
1160,iliad,24,odyssey,11,0.8368918394948719
1161,iliad,24,odyssey,12,0.7642477990201731
1162,iliad,24,odyssey,13,0.8149559402118405
1163,iliad,24,odyssey,14,0.8372406690505507
1164,iliad,24,odyssey,15,0.8357944247937783
1165,iliad,24,odyssey,16,0.8081775379365562
1166,iliad,24,odyssey,17,0.8183166079845553
1167,iliad,24,odyssey,18,0.8108220719512031
1168,iliad,24,odyssey,19,0.8124497734498021
1169,iliad,24,odyssey,20,0.8076581219634188
1170,iliad,24,odyssey,21,0.766165179731425
1171,iliad,24,odyssey,22,0.7860633574946729
1172,iliad,24,odyssey,23,0.7810195513763085
1173,iliad,24,iliad,24,1.0000000000000007
1174,odyssey,24,odyssey,24,1.0000000000000016
1175,iliad,24,odyssey,24,0.8319468905046592
